{
  "train_loss": [
    1.58099166938411,
    1.2774829810385204,
    1.1601199032095693,
    1.078770916327796,
    1.019088631929339,
    0.9660873747695132,
    0.9303902927262094,
    0.895064063389283,
    0.8659481155445509,
    0.8380686224574019,
    0.7439402328504016,
    0.713994749785994,
    0.701372442838481,
    0.689335606630196,
    0.6742871550419142,
    0.6711872250146573,
    0.6594388196078103,
    0.6517336527481103,
    0.646626899957352,
    0.6373975855462691
  ],
  "train_acc": [
    41.814,
    53.844,
    58.466,
    61.882,
    64.21,
    66.208,
    67.37,
    68.974,
    69.912,
    71.076,
    74.452,
    75.608,
    76.19,
    76.734,
    76.958,
    76.978,
    77.52,
    77.838,
    77.976,
    78.32
  ],
  "test_loss": [
    1.1927473264135373,
    1.020731137057019,
    0.9498115622313918,
    0.854520861889906,
    0.8024936016577824,
    0.7621999876514362,
    0.7864498091731101,
    0.7617689298975999,
    0.7266607187735806,
    0.7248293569513188,
    0.6009650448704981,
    0.585456542528359,
    0.5777443736601787,
    0.5730311502316955,
    0.5693962443975886,
    0.5614692253671634,
    0.5602466920568685,
    0.5558271824744097,
    0.5528979590933794,
    0.5467725330667131
  ],
  "test_acc": [
    57.53,
    63.58,
    66.41,
    69.47,
    71.65,
    73.59,
    72.06,
    73.18,
    74.35,
    74.97,
    79.0,
    79.55,
    79.75,
    79.99,
    80.26,
    80.66,
    80.53,
    80.69,
    80.68,
    81.09
  ]
}