{
  "train_loss": [
    1.948996735045977,
    1.831939048169519,
    1.8202488894962594,
    1.8190051756246621,
    1.8241672997584428,
    1.82785234792763,
    1.8319623107495515,
    1.8308757260022566,
    1.8368072747574438,
    1.842997145164958,
    1.7432663190700208,
    1.6974809288673693,
    1.6724974785924263,
    1.650302682691218,
    1.6321624709517144,
    1.6224421418231467,
    1.6083918794646592,
    1.6012441651595524,
    1.5933823893442178,
    1.5844146848639564,
    1.5561757996259138,
    1.5376292509800942,
    1.5315234362316863,
    1.524542845118686,
    1.519751363093286,
    1.517809761454687,
    1.5151901019503697,
    1.5071664231512554,
    1.5088430277221954,
    1.5073567787399682,
    1.4988295193523398,
    1.499144101691673,
    1.5028612025253607,
    1.4947906583166488,
    1.5004376490097826,
    1.5001562821590686,
    1.4963434684611951,
    1.4958112828262018,
    1.4959719607897122,
    1.4980037474571286,
    1.492760308258369,
    1.496273114553193,
    1.4923638138929596,
    1.4990026008747424,
    1.496272289539542,
    1.4923419940197253,
    1.496396946175324,
    1.4994544787784976,
    1.4920093055881198,
    1.4932842312566459
  ],
  "train_acc": [
    28.658,
    33.398,
    33.762,
    33.992,
    33.638,
    33.726,
    33.36,
    33.306,
    33.176,
    32.982,
    36.838,
    38.518,
    39.59,
    40.432,
    40.684,
    41.372,
    41.962,
    42.132,
    42.338,
    42.774,
    44.01,
    44.634,
    44.766,
    45.066,
    45.338,
    45.326,
    45.35,
    45.77,
    45.828,
    45.79,
    46.094,
    46.12,
    46.13,
    46.216,
    46.202,
    46.04,
    46.24,
    46.192,
    46.238,
    46.006,
    46.17,
    45.882,
    46.114,
    45.982,
    46.194,
    46.252,
    46.112,
    45.974,
    46.294,
    46.188
  ],
  "test_loss": [
    1.7537257595907283,
    1.6751837096636808,
    1.7324324755729,
    1.6543806323522254,
    1.6623292799237408,
    1.7000973119011409,
    1.7022959703131566,
    1.7013752007786231,
    1.6869861913632742,
    1.7102213781091231,
    1.5599302475965475,
    1.5300717942322357,
    1.516180178787135,
    1.4887620120108882,
    1.47157655184782,
    1.4522694922700714,
    1.4446246442915518,
    1.445356257354157,
    1.4395549553859084,
    1.4220103251783154,
    1.403054243401636,
    1.3872689219969738,
    1.3820003572898576,
    1.3751950837388824,
    1.3709049405930918,
    1.3776028020472466,
    1.3653442512584637,
    1.3685820419577104,
    1.3657165841211247,
    1.362289413621154,
    1.359654971315891,
    1.3552024439920354,
    1.3577507417413253,
    1.3566390985175023,
    1.3555624545375002,
    1.3547696750375289,
    1.3542195830164077,
    1.3536529103411903,
    1.357962706420995,
    1.3525262392019923,
    1.3536868563181237,
    1.3525727142261554,
    1.3561317543440228,
    1.3539814285085172,
    1.3534493446350098,
    1.3555011341843424,
    1.3533971339841433,
    1.3528950546361223,
    1.3533488632757453,
    1.35374671598024
  ],
  "test_acc": [
    36.0,
    39.91,
    37.58,
    41.2,
    39.82,
    38.55,
    38.66,
    37.84,
    39.23,
    37.53,
    43.7,
    44.8,
    45.64,
    47.1,
    47.71,
    47.92,
    48.32,
    47.9,
    48.19,
    49.44,
    49.9,
    50.41,
    50.8,
    50.84,
    50.83,
    50.7,
    51.47,
    51.53,
    51.58,
    51.74,
    51.49,
    51.87,
    51.78,
    51.76,
    51.95,
    51.94,
    51.79,
    51.89,
    51.78,
    52.16,
    51.93,
    52.05,
    51.98,
    51.88,
    51.86,
    51.82,
    52.01,
    52.03,
    51.91,
    51.99
  ]
}